Screaming Circuits SMD component position file.
Created by Centroid_ScreamingCircuits_smd.ulp 1.2.0.

Centroid Data for pc board: "sensor_unitv3.brd" as of: 8/4/16 10:30 AM
Measurements are in inches. Comma delimited
Only surface mount components included

RefDes,Layer,LocationX,LocationY,Rotation
C1,Top,2.050,0.550,0
C2,Top,2.275,1.100,180
C3,Top,2.438,1.462,90
C4,Top,2.400,1.262,180
C5,Top,1.887,1.575,90
C6,Top,2.275,1.938,180
C7,Top,2.175,1.262,180
C8,Top,1.425,0.875,0
R1,Top,1.962,1.575,90
R2,Top,2.150,2.400,180
U2,Top,2.612,1.375,270
U3,Top,2.263,1.681,90
U4,Top,1.150,1.000,180
