Labels,Part,Primary Source
C8,Panasonic C 10UF 50V,Digikey: PCE4608CT-ND
C9,0603 10uF/10V,Digikey: 490-14372-1-ND
"C2, C3",0603 22pF 10V cap,Digikey: 399-7874-1-ND
"C1, C4, C5, C6, C7",0603 0.1uF/50V X7R,Digikey: 445-5666-1-ND
CONN1,Leave unpopulated,Leave unpopulated
CONN2,connector - 2 port Female RJ45 (8P8C),Digikey: E5J88-00AJG2-L
"R1, R2",0603 4.7k ohm resistor,Digikey: 311-4.7KGRCT-ND
R3,0603 10k ohm resistor,Digikey: P10KGCT-ND
U1,BME280 Sensor,Digikey: 828-1063-1-ND
U4,DC-DC 3.3V Switching regulator,Digikey: VXO7803-500
Y1,HC49 4 Mhz Crystal,Digikey: 535-10202-1-ND
U2,TQFP ATMega328,Digikey: ATMEGA328P-AURCT-ND
U3,14-SOIC RS485 fullduplex transceiver 3.3V,Digikey: ISL83070EIBZA-TCT-ND
