Screaming Circuits SMD component position file.
Created by Centroid_ScreamingCircuits_smd.ulp 1.2.0.

Centroid Data for pc board: "thermocoupleMv2.brd" as of: 8/20/16 2:47 PM
Measurements are in inches. Comma delimited
Only surface mount components included

RefDes,Layer,LocationX,LocationY,Rotation
C1,Top,0.338,0.588,0
C2,Top,0.438,0.388,270
C3,Top,0.713,0.662,180
C4,Top,0.463,0.525,180
R1,Top,0.212,0.212,0
R2,Top,0.338,0.212,0
R3,Top,0.512,0.212,0
R4,Top,0.650,0.212,180
U1,Top,0.200,0.412,90
U2,Top,0.637,0.438,180
