Screaming Circuits SMD component position file.
Created by Centroid_ScreamingCircuits_smd.ulp 1.2.0.

Centroid Data for pc board: "pressureMv4.brd" as of: 5/5/16 11:41 AM
Measurements are in inches. Comma delimited
Only surface mount components included

RefDes,Layer,LocationX,LocationY,Rotation
C1,Top,0.175,0.537,180
C2,Top,0.425,0.300,270
C3,Top,0.487,0.300,270
Q1,Top,0.787,0.200,180
Q2,Top,0.675,0.300,180
R1,Top,0.738,0.575,180
R2,Top,0.875,0.263,270
R3,Top,0.738,0.475,180
R4,Top,0.575,0.263,270
U1,Top,0.200,0.362,90
U3,Top,0.562,0.487,0
