Screaming Circuits SMD component position file.
Created by Centroid_ScreamingCircuits_smd.ulp 1.2.0.

Centroid Data for pc board: "sensor_hubv3.brd" as of: 7/24/13 5:14 PM
Measurements are in inches. Comma delimited
Only surface mount components included

RefDes,Layer,LocationX,LocationY,Rotation
C1,Top,3.325,1.994,180
C2,Top,2.656,1.837,270
C3,Top,1.025,1.613,90
C4,Top,0.600,1.050,270
C5,Top,1.200,1.050,270
C6,Top,1.800,1.050,270
C7,Top,2.400,1.050,270
C8,Top,3.000,1.050,270
C9,Top,3.600,1.050,270
C10,Top,0.787,1.894,270
C11,Top,1.075,2.237,180
C12,Top,1.750,1.450,0
C13,Top,0.950,1.450,180
F3,Top,3.575,1.400,180
Q1,Top,1.350,1.450,180
R1,Top,0.700,1.894,270
R2,Top,0.600,0.700,180
R3,Top,1.200,0.700,180
R4,Top,1.800,0.700,180
R5,Top,2.400,0.700,180
R6,Top,3.000,0.700,180
R7,Top,3.600,0.700,180
U2,Top,1.100,1.950,90
U3,Top,0.350,0.950,270
U4,Top,0.950,0.950,270
U5,Top,1.550,0.950,270
U6,Top,2.150,0.950,270
U7,Top,2.750,0.950,270
U8,Top,3.350,0.950,270
