"2014-03-18 12:45:24.901925",98.444,98.259,98.429,98.431
"2014-03-18 12:45:26.421490",98.397,98.214,98.393,98.391
"2014-03-18 12:45:27.940550",98.363,98.179,98.358,98.361
"2014-03-18 12:45:29.459603",98.322,98.141,98.316,98.316
"2014-03-18 12:45:30.978497",98.287,98.104,98.282,98.282
"2014-03-18 12:45:32.497384",98.253,98.066,98.248,98.247
"2014-03-18 12:45:34.016697",98.214,98.032,98.21,98.211
"2014-03-18 12:45:35.535581",98.178,97.995,98.172,98.172
"2014-03-18 12:45:37.054488",98.147,97.963,98.144,98.141
"2014-03-18 12:45:38.573405",98.108,97.932,98.1,98.109
"2014-03-18 12:45:40.092294",98.077,97.895,98.069,98.071
"2014-03-18 12:45:41.611403",98.045,97.863,98.045,98.043
"2014-03-18 12:45:43.130700",98.012,97.842,98.006,98.005
"2014-03-18 12:45:44.649792",97.985,97.81,97.976,97.982
"2014-03-18 12:45:46.168895",97.953,97.774,97.948,97.949
"2014-03-18 12:45:47.687813",97.926,97.744,97.923,97.923
"2014-03-18 12:45:49.208025",97.898,97.718,97.891,97.891
"2014-03-18 12:45:50.726902",97.87,97.688,97.861,97.866
"2014-03-18 12:45:52.246021",97.837,97.66,97.839,97.833
"2014-03-18 12:45:53.765122",97.816,97.635,97.812,97.811
"2014-03-18 12:45:55.284016",97.79,97.608,97.788,97.784
"2014-03-18 12:45:56.803115",97.757,97.582,97.756,97.758
"2014-03-18 12:45:58.322204",97.73,97.556,97.725,97.725
"2014-03-18 12:45:59.841285",97.71,97.531,97.701,97.704
"2014-03-18 12:46:01.360412",97.682,97.504,97.679,97.681
"2014-03-18 12:46:02.879502",97.657,97.477,97.653,97.656
"2014-03-18 12:46:04.398361",97.636,97.454,97.633,97.633
"2014-03-18 12:46:05.917471",97.616,97.433,97.617,97.611
"2014-03-18 12:46:07.436595",97.591,97.41,97.586,97.588
"2014-03-18 12:46:08.955675",97.57,97.386,97.565,97.564
"2014-03-18 12:46:10.474953",97.547,97.368,97.545,97.544
"2014-03-18 12:46:11.994072",97.526,97.345,97.524,97.523
"2014-03-18 12:46:13.513185",97.502,97.324,97.502,97.499
"2014-03-18 12:46:15.032248",97.483,97.304,97.482,97.48
"2014-03-18 12:46:16.551363",97.47,97.28,97.464,97.459
"2014-03-18 12:46:18.070471",97.441,97.267,97.439,97.443
"2014-03-18 12:46:19.589541",97.423,97.249,97.422,97.425
"2014-03-18 12:46:21.108659",97.408,97.226,97.402,97.404
"2014-03-18 12:46:22.627802",97.388,97.209,97.386,97.385
"2014-03-18 12:46:24.146843",97.374,97.192,97.37,97.371
"2014-03-18 12:46:25.665920",97.354,97.168,97.351,97.348
"2014-03-18 12:46:27.185181",97.335,97.154,97.33,97.33
"2014-03-18 12:46:28.704262",97.318,97.142,97.314,97.318
"2014-03-18 12:46:30.223357",97.305,97.126,97.296,97.299
"2014-03-18 12:46:31.742467",97.287,97.105,97.281,97.285
"2014-03-18 12:46:33.261570",97.269,97.093,97.266,97.265
"2014-03-18 12:46:34.780866",97.254,97.077,97.252,97.249
"2014-03-18 12:46:36.299946",97.235,97.063,97.236,97.233
"2014-03-18 12:46:37.819071",97.222,97.042,97.22,97.219
"2014-03-18 12:46:39.338177",97.208,97.029,97.205,97.204
"2014-03-18 12:46:40.857299",97.191,97.017,97.19,97.193
"2014-03-18 12:46:42.376357",97.181,97.003,97.18,97.183
"2014-03-18 12:46:43.895441",97.174,96.988,97.165,97.17
"2014-03-18 12:46:45.414515",97.16,96.977,97.151,97.154
"2014-03-18 12:46:46.933637",97.142,96.965,97.14,97.142
"2014-03-18 12:46:48.452728",97.13,96.95,97.127,97.127
"2014-03-18 12:46:49.971831",97.117,96.94,97.115,97.118
"2014-03-18 12:46:51.490920",97.106,96.925,97.101,97.105
"2014-03-18 12:46:53.009228",97.095,96.913,97.091,97.096
"2014-03-18 12:46:54.528138",97.084,96.902,97.085,97.083
"2014-03-18 12:46:56.047210",97.07,96.891,97.065,97.08
"2014-03-18 12:46:57.566326",97.056,96.877,97.06,97.059
"2014-03-18 12:46:59.085420",97.05,96.872,97.051,97.045
"2014-03-18 12:47:00.604518",97.04,96.863,97.04,97.039
"2014-03-18 12:47:02.123586",97.028,96.854,97.033,97.033
"2014-03-18 12:47:03.642689",97.026,96.84,97.021,97.022
"2014-03-18 12:47:05.161786",97.006,96.827,97.009,97.011
"2014-03-18 12:47:06.680881",97.0,96.82,97.0,97.004
"2014-03-18 12:47:08.200182",96.997,96.809,96.99,96.99
"2014-03-18 12:47:09.719280",96.981,96.804,96.977,96.981
"2014-03-18 12:47:11.238366",96.977,96.792,96.97,96.978
"2014-03-18 12:47:12.757461",96.962,96.786,96.967,96.965
"2014-03-18 12:47:14.276559",96.956,96.773,96.953,96.958
"2014-03-18 12:47:15.795860",96.943,96.768,96.944,96.947
"2014-03-18 12:47:17.314961",96.935,96.762,96.935,96.941
"2014-03-18 12:47:18.834040",96.931,96.758,96.933,96.931
"2014-03-18 12:47:20.353152",96.927,96.743,96.916,96.927
"2014-03-18 12:47:21.872236",96.916,96.736,96.913,96.918
"2014-03-18 12:47:23.391317",96.91,96.731,96.909,96.916
"2014-03-18 12:47:24.910432",96.902,96.725,96.907,96.901
"2014-03-18 12:47:26.429533",96.895,96.723,96.885,96.897
"2014-03-18 12:47:27.948406",96.892,96.706,96.89,96.89
"2014-03-18 12:47:29.467501",96.878,96.702,96.884,96.884
"2014-03-18 12:47:30.986602",96.875,96.695,96.884,96.881
"2014-03-18 12:47:32.505699",96.867,96.691,96.869,96.873
"2014-03-18 12:47:34.024800",96.861,96.685,96.864,96.867
"2014-03-18 12:47:35.543854",96.858,96.678,96.862,96.864
"2014-03-18 12:47:37.062959",96.852,96.669,96.855,96.852
"2014-03-18 12:47:38.582098",96.848,96.669,96.848,96.852
"2014-03-18 12:47:40.101332",96.843,96.657,96.845,96.846
"2014-03-18 12:47:41.620421",96.839,96.656,96.84,96.839
"2014-03-18 12:47:43.139486",96.835,96.652,96.834,96.834
"2014-03-18 12:47:44.658399",96.828,96.65,96.827,96.828
"2014-03-18 12:47:46.177493",96.824,96.644,96.824,96.825
"2014-03-18 12:47:47.696578",96.824,96.638,96.823,96.827
"2014-03-18 12:47:49.215648",96.819,96.632,96.81,96.813
"2014-03-18 12:47:50.734761",96.812,96.628,96.807,96.813
"2014-03-18 12:47:52.253863",96.811,96.626,96.808,96.801
"2014-03-18 12:47:53.772972",96.801,96.619,96.803,96.798
"2014-03-18 12:47:55.292282",96.797,96.621,96.8,96.803
"2014-03-18 12:47:56.811343",96.796,96.616,96.791,96.798
"2014-03-18 12:47:58.330440",96.788,96.613,96.79,96.794
"2014-03-18 12:47:59.849726",96.788,96.606,96.787,96.79
"2014-03-18 12:48:01.368775",96.784,96.602,96.785,96.786
"2014-03-18 12:48:02.887943",96.776,96.597,96.778,96.783
"2014-03-18 12:48:04.406967",96.778,96.596,96.777,96.778
"2014-03-18 12:48:05.926065",96.771,96.596,96.773,96.777
"2014-03-18 12:48:07.445127",96.763,96.593,96.767,96.773
"2014-03-18 12:48:08.964183",96.765,96.587,96.774,96.769
"2014-03-18 12:48:10.483263",96.761,96.588,96.765,96.767
"2014-03-18 12:48:12.002374",96.762,96.587,96.759,96.765
"2014-03-18 12:48:13.521492",96.756,96.578,96.758,96.757
"2014-03-18 12:48:15.040565",96.755,96.579,96.753,96.761
"2014-03-18 12:48:16.559661",96.749,96.578,96.75,96.755
"2014-03-18 12:48:18.078962",96.752,96.574,96.753,96.751
"2014-03-18 12:48:19.597461",96.746,96.571,96.744,96.752
"2014-03-18 12:48:21.116576",96.747,96.564,96.753,96.75
"2014-03-18 12:48:22.635653",96.746,96.563,96.749,96.748
"2014-03-18 12:48:24.154765",96.74,96.567,96.735,96.741
"2014-03-18 12:48:25.673879",96.734,96.563,96.742,96.734
"2014-03-18 12:48:27.192984",96.735,96.561,96.741,96.741
"2014-03-18 12:48:28.712037",96.739,96.556,96.736,96.742
"2014-03-18 12:48:30.231139",96.73,96.556,96.734,96.736
"2014-03-18 12:48:31.750263",96.734,96.552,96.725,96.731
"2014-03-18 12:48:33.269348",96.733,96.552,96.73,96.734
"2014-03-18 12:48:34.788451",96.728,96.553,96.73,96.734
"2014-03-18 12:48:36.307405",96.726,96.548,96.728,96.731
"2014-03-18 12:48:37.826416",96.725,96.547,96.727,96.732
"2014-03-18 12:48:39.345553",96.725,96.548,96.725,96.728
"2014-03-18 12:48:40.864821",96.72,96.55,96.724,96.726
"2014-03-18 12:48:42.383897",96.729,96.545,96.722,96.724
"2014-03-18 12:48:43.902998",96.723,96.545,96.719,96.72
"2014-03-18 12:48:45.422060",96.723,96.54,96.717,96.722
"2014-03-18 12:48:46.941349",96.719,96.54,96.716,96.717
"2014-03-18 12:48:48.460490",96.716,96.543,96.717,96.716
"2014-03-18 12:48:49.979524",96.712,96.538,96.713,96.717
"2014-03-18 12:48:51.498411",96.708,96.536,96.713,96.713
"2014-03-18 12:48:53.017765",96.709,96.538,96.715,96.715
"2014-03-18 12:48:54.536810",96.713,96.536,96.706,96.709
"2014-03-18 12:48:56.055902",96.708,96.531,96.705,96.707
"2014-03-18 12:48:57.574971",96.707,96.531,96.703,96.708
"2014-03-18 12:48:59.094080",96.707,96.533,96.704,96.708
"2014-03-18 12:49:00.613177",96.703,96.527,96.704,96.714
"2014-03-18 12:49:02.132270",96.706,96.531,96.706,96.708
"2014-03-18 12:49:03.651382",96.705,96.525,96.702,96.704
"2014-03-18 12:49:05.170662",96.703,96.524,96.7,96.708
"2014-03-18 12:49:06.689586",96.703,96.528,96.701,96.701
"2014-03-18 12:49:08.208676",96.702,96.526,96.704,96.707
"2014-03-18 12:49:09.727554",96.703,96.527,96.701,96.705
"2014-03-18 12:49:11.246675",96.701,96.523,96.703,96.702
"2014-03-18 12:49:12.765769",96.698,96.522,96.703,96.701
"2014-03-18 12:49:14.284835",96.694,96.522,96.7,96.7
"2014-03-18 12:49:15.803933",96.698,96.522,96.699,96.704
"2014-03-18 12:49:17.323045",96.697,96.519,96.698,96.701
"2014-03-18 12:49:18.843318",96.694,96.522,96.697,96.697
"2014-03-18 12:49:20.362430",96.695,96.517,96.692,96.701
"2014-03-18 12:49:21.881529",96.698,96.517,96.697,96.701
"2014-03-18 12:49:23.400625",96.691,96.513,96.695,96.699
"2014-03-18 12:49:24.919551",96.697,96.52,96.696,96.695
"2014-03-18 12:49:26.438612",96.694,96.516,96.697,96.697
"2014-03-18 12:49:27.957501",96.693,96.513,96.695,96.692
"2014-03-18 12:49:29.476597",96.69,96.517,96.694,96.699
"2014-03-18 12:49:30.995693",96.692,96.517,96.693,96.699
"2014-03-18 12:49:32.514799",96.698,96.515,96.7,96.698
"2014-03-18 12:49:34.033882",96.693,96.516,96.691,96.696
"2014-03-18 12:49:35.552996",96.69,96.513,96.691,96.693
"2014-03-18 12:49:37.071886",96.692,96.513,96.692,96.698
"2014-03-18 12:49:38.590981",96.692,96.513,96.691,96.69
"2014-03-18 12:49:40.110081",96.692,96.513,96.69,96.693
"2014-03-18 12:49:41.629387",96.691,96.513,96.689,96.691
"2014-03-18 12:49:43.148231",96.69,96.512,96.688,96.691
"2014-03-18 12:49:44.667337",96.692,96.509,96.687,96.691
"2014-03-18 12:49:46.186430",96.692,96.508,96.693,96.693
"2014-03-18 12:49:47.705573",96.691,96.508,96.69,96.691
"2014-03-18 12:49:49.224620",96.691,96.508,96.692,96.689
"2014-03-18 12:49:50.743713",96.692,96.508,96.692,96.689
"2014-03-18 12:49:52.262815",96.69,96.514,96.692,96.69
"2014-03-18 12:49:53.781916",96.691,96.511,96.685,96.691
"2014-03-18 12:49:55.301001",96.691,96.51,96.692,96.693
"2014-03-18 12:49:56.820099",96.694,96.51,96.691,96.692
"2014-03-18 12:49:58.339172",96.69,96.512,96.691,96.691
"2014-03-18 12:49:59.858264",96.688,96.506,96.689,96.689
"2014-03-18 12:50:01.377341",96.687,96.509,96.691,96.688
"2014-03-18 12:50:02.896451",96.689,96.508,96.684,96.689
"2014-03-18 12:50:04.415760",96.685,96.511,96.682,96.693
"2014-03-18 12:50:05.934852",96.689,96.507,96.681,96.693
"2014-03-18 12:50:07.453952",96.687,96.511,96.69,96.687
"2014-03-18 12:50:08.973051",96.685,96.508,96.688,96.692
"2014-03-18 12:50:10.492159",96.684,96.509,96.687,96.688
"2014-03-18 12:50:12.011463",96.689,96.506,96.685,96.689
"2014-03-18 12:50:13.530543",96.679,96.511,96.686,96.687
"2014-03-18 12:50:15.049646",96.686,96.508,96.686,96.686
"2014-03-18 12:50:16.568778",96.684,96.504,96.688,96.687
"2014-03-18 12:50:18.087880",96.681,96.511,96.683,96.684
"2014-03-18 12:50:19.607100",96.684,96.512,96.687,96.687
"2014-03-18 12:50:21.125950",96.684,96.512,96.689,96.684
"2014-03-18 12:50:22.645068",96.685,96.511,96.679,96.684
"2014-03-18 12:50:24.164151",96.68,96.508,96.688,96.687
"2014-03-18 12:50:25.683261",96.685,96.505,96.686,96.684
"2014-03-18 12:50:27.202556",96.684,96.504,96.687,96.686
"2014-03-18 12:50:28.721823",96.685,96.512,96.686,96.69
"2014-03-18 12:50:30.241105",96.68,96.509,96.684,96.688
"2014-03-18 12:50:31.760218",96.688,96.509,96.686,96.69
"2014-03-18 12:50:33.279285",96.683,96.512,96.689,96.686
"2014-03-18 12:50:34.798164",96.683,96.51,96.687,96.691
"2014-03-18 12:50:36.317271",96.689,96.505,96.686,96.69
"2014-03-18 12:50:37.836358",96.684,96.511,96.681,96.682
"2014-03-18 12:50:39.355469",96.687,96.505,96.686,96.685
"2014-03-18 12:50:40.874757",96.681,96.509,96.683,96.689
"2014-03-18 12:50:42.393863",96.684,96.507,96.687,96.686
"2014-03-18 12:50:43.912950",96.688,96.513,96.684,96.685
"2014-03-18 12:50:45.432060",96.689,96.501,96.687,96.69
"2014-03-18 12:50:46.951141",96.685,96.507,96.686,96.688
"2014-03-18 12:50:48.470422",96.685,96.504,96.687,96.689
"2014-03-18 12:50:49.989513",96.682,96.507,96.686,96.686
"2014-03-18 12:50:51.508640",96.686,96.509,96.683,96.69
"2014-03-18 12:50:53.027746",96.684,96.507,96.686,96.69
"2014-03-18 12:50:54.546798",96.681,96.513,96.682,96.69
"2014-03-18 12:50:56.066102",96.684,96.513,96.686,96.687
"2014-03-18 12:50:57.585160",96.688,96.512,96.686,96.691
"2014-03-18 12:50:59.104467",96.683,96.511,96.685,96.691
"2014-03-18 12:51:00.623570",96.687,96.509,96.687,96.684
"2014-03-18 12:51:02.142671",96.69,96.505,96.686,96.682
"2014-03-18 12:51:03.661800",96.687,96.51,96.685,96.689
"2014-03-18 12:51:05.180858",96.689,96.508,96.687,96.694
"2014-03-18 12:51:06.699950",96.692,96.507,96.687,96.691
"2014-03-18 12:51:08.219048",96.688,96.511,96.691,96.694
"2014-03-18 12:51:09.737993",96.687,96.511,96.689,96.69
"2014-03-18 12:51:11.257037",96.688,96.512,96.689,96.694
"2014-03-18 12:51:12.776051",96.683,96.512,96.69,96.693
"2014-03-18 12:51:14.295119",96.683,96.512,96.69,96.693
"2014-03-18 12:51:15.814425",96.684,96.516,96.685,96.694
"2014-03-18 12:51:17.333515",96.689,96.514,96.684,96.691
"2014-03-18 12:51:18.852823",96.69,96.511,96.692,96.694
"2014-03-18 12:51:20.371884",96.689,96.512,96.69,96.696
"2014-03-18 12:51:21.890936",96.692,96.512,96.69,96.696
"2014-03-18 12:51:23.410084",96.69,96.514,96.693,96.696
"2014-03-18 12:51:24.929356",96.692,96.514,96.691,96.691
"2014-03-18 12:51:26.448449",96.687,96.507,96.691,96.694
"2014-03-18 12:51:27.967535",96.692,96.509,96.688,96.694
"2014-03-18 12:51:29.486638",96.69,96.514,96.688,96.684
"2014-03-18 12:51:31.005743",96.692,96.511,96.688,96.693
"2014-03-18 12:51:32.524823",96.687,96.508,96.689,96.692
"2014-03-18 12:51:34.043919",96.696,96.51,96.692,96.692
"2014-03-18 12:51:35.563021",96.692,96.51,96.69,96.693
"2014-03-18 12:51:37.082293",96.685,96.512,96.688,96.693
"2014-03-18 12:51:38.601358",96.69,96.512,96.689,96.691
"2014-03-18 12:51:40.120659",96.685,96.509,96.69,96.695
"2014-03-18 12:51:41.639961",96.693,96.508,96.688,96.69
"2014-03-18 12:51:43.159053",96.689,96.507,96.687,96.691
"2014-03-18 12:51:44.678153",96.692,96.51,96.689,96.693
"2014-03-18 12:51:46.197240",96.692,96.51,96.69,96.695
"2014-03-18 12:51:47.716406",96.693,96.509,96.69,96.693
"2014-03-18 12:51:49.235438",96.69,96.507,96.692,96.694
"2014-03-18 12:51:50.754525",96.694,96.51,96.693,96.696
"2014-03-18 12:51:52.273836",96.694,96.511,96.69,96.69
"2014-03-18 12:51:53.793130",96.686,96.51,96.69,96.692
"2014-03-18 12:51:55.312235",96.691,96.509,96.694,96.692
"2014-03-18 12:51:56.831335",96.687,96.508,96.69,96.693
"2014-03-18 12:51:58.350423",96.693,96.513,96.69,96.691
"2014-03-18 12:51:59.871286",96.686,96.51,96.69,96.693
"2014-03-18 12:52:01.390374",96.687,96.507,96.686,96.689
"2014-03-18 12:52:02.909475",96.687,96.507,96.689,96.685
"2014-03-18 12:52:04.428593",96.688,96.509,96.689,96.69
"2014-03-18 12:52:05.947667",96.69,96.508,96.69,96.694
"2014-03-18 12:52:07.466972",96.685,96.509,96.691,96.687
"2014-03-18 12:52:08.986270",96.689,96.509,96.689,96.693
"2014-03-18 12:52:10.505396",96.691,96.507,96.69,96.693
"2014-03-18 12:52:12.024469",96.694,96.507,96.691,96.69
"2014-03-18 12:52:13.543570",96.685,96.51,96.687,96.694
"2014-03-18 12:52:15.062681",96.683,96.512,96.689,96.687
"2014-03-18 12:52:16.581695",96.688,96.512,96.688,96.683
"2014-03-18 12:52:18.100980",96.688,96.508,96.691,96.688
"2014-03-18 12:52:19.620249",96.69,96.51,96.691,96.688
"2014-03-18 12:52:21.139339",96.688,96.51,96.688,96.697
"2014-03-18 12:52:22.658256",96.69,96.507,96.693,96.694
"2014-03-18 12:52:24.177345",96.688,96.511,96.691,96.694
"2014-03-18 12:52:25.696436",96.69,96.511,96.69,96.692
"2014-03-18 12:52:27.215530",96.691,96.513,96.691,96.692
"2014-03-18 12:52:28.734833",96.694,96.51,96.69,96.693
"2014-03-18 12:52:30.253923",96.693,96.51,96.691,96.692
"2014-03-18 12:52:31.773197",96.689,96.512,96.693,96.693
"2014-03-18 12:52:33.292291",96.69,96.509,96.692,96.698
"2014-03-18 12:52:34.811387",96.692,96.51,96.695,96.698
"2014-03-18 12:52:36.330491",96.693,96.508,96.694,96.694
"2014-03-18 12:52:37.849551",96.697,96.512,96.693,96.696
"2014-03-18 12:52:39.368639",96.697,96.505,96.692,96.697
"2014-03-18 12:52:40.887795",96.694,96.509,96.691,96.695
"2014-03-18 12:52:42.406820",96.695,96.507,96.695,96.7
"2014-03-18 12:52:43.926124",96.699,96.511,96.692,96.697
"2014-03-18 12:52:45.445236",96.691,96.513,96.691,96.692
"2014-03-18 12:52:46.964122",96.695,96.51,96.693,96.695
"2014-03-18 12:52:48.484783",96.692,96.511,96.692,96.69
"2014-03-18 12:52:50.003863",96.694,96.511,96.693,96.697
"2014-03-18 12:52:51.522982",96.692,96.51,96.694,96.699
"2014-03-18 12:52:53.042142",96.689,96.511,96.691,96.694
"2014-03-18 12:52:54.561191",96.699,96.51,96.693,96.695
"2014-03-18 12:52:56.080295",96.693,96.516,96.693,96.693
"2014-03-18 12:52:57.599563",96.694,96.512,96.693,96.69
"2014-03-18 12:52:59.118449",96.689,96.513,96.694,96.696
"2014-03-18 12:53:00.637757",96.689,96.512,96.694,96.695
"2014-03-18 12:53:02.156803",96.688,96.513,96.692,96.694
"2014-03-18 12:53:03.675900",96.691,96.514,96.691,96.698
"2014-03-18 12:53:05.194969",96.694,96.512,96.697,96.699
"2014-03-18 12:53:06.714059",96.688,96.511,96.692,96.692
"2014-03-18 12:53:08.233156",96.689,96.514,96.695,96.691
"2014-03-18 12:53:09.752248",96.693,96.509,96.691,96.698
"2014-03-18 12:53:11.271343",96.688,96.513,96.689,96.694
"2014-03-18 12:53:12.790433",96.693,96.511,96.692,96.69
"2014-03-18 12:53:14.309529",96.693,96.516,96.697,96.699
"2014-03-18 12:53:15.828446",96.689,96.51,96.693,96.695
"2014-03-18 12:53:17.347503",96.687,96.512,96.693,96.693
"2014-03-18 12:53:18.871310",96.691,96.51,96.694,96.692
"2014-03-18 12:53:20.390413",96.691,96.51,96.695,96.69
"2014-03-18 12:53:21.909501",96.692,96.51,96.693,96.689
"2014-03-18 12:53:23.428416",96.691,96.511,96.693,96.691
"2014-03-18 12:53:24.947489",96.69,96.509,96.695,96.695
"2014-03-18 12:53:26.466589",96.689,96.508,96.692,96.691
"2014-03-18 12:53:27.985496",96.688,96.51,96.687,96.686
"2014-03-18 12:53:29.504608",96.697,96.507,96.687,96.69
"2014-03-18 12:53:31.023682",96.688,96.509,96.686,96.689
"2014-03-18 12:53:32.542770",96.685,96.509,96.683,96.691
"2014-03-18 12:53:34.061925",96.687,96.507,96.687,96.689
"2014-03-18 12:53:35.582733",96.69,96.511,96.687,96.689
"2014-03-18 12:53:37.102100",96.689,96.509,96.693,96.689
"2014-03-18 12:53:38.621343",96.682,96.505,96.689,96.693
"2014-03-18 12:53:40.140475",96.69,96.507,96.689,96.687
"2014-03-18 12:53:41.659947",96.692,96.511,96.687,96.69
"2014-03-18 12:53:43.179026",96.69,96.51,96.688,96.697
"2014-03-18 12:53:44.698307",96.693,96.512,96.691,96.691
"2014-03-18 12:53:46.217407",96.692,96.51,96.694,96.69
"2014-03-18 12:53:47.736482",96.69,96.511,96.686,96.697
"2014-03-18 12:53:49.255589",96.691,96.509,96.692,96.693
"2014-03-18 12:53:50.774690",96.691,96.508,96.691,96.69
"2014-03-18 12:53:52.293791",96.694,96.514,96.692,96.696
"2014-03-18 12:53:53.812892",96.691,96.511,96.69,96.694
"2014-03-18 12:53:55.331984",96.691,96.511,96.69,96.693
"2014-03-18 12:53:56.851293",96.693,96.508,96.691,96.694
"2014-03-18 12:53:58.370371",96.688,96.509,96.691,96.695
"2014-03-18 12:53:59.889473",96.694,96.509,96.691,96.695
"2014-03-18 12:54:01.408572",96.692,96.507,96.693,96.692
"2014-03-18 12:54:02.927663",96.69,96.507,96.685,96.692
"2014-03-18 12:54:04.446767",96.692,96.509,96.695,96.692
"2014-03-18 12:54:05.966070",96.69,96.511,96.692,96.694
"2014-03-18 12:54:07.485367",96.69,96.511,96.694,96.694
"2014-03-18 12:54:09.004466",96.691,96.509,96.686,96.694
"2014-03-18 12:54:10.523730",96.694,96.512,96.69,96.701
"2014-03-18 12:54:12.042822",96.693,96.505,96.692,96.692
"2014-03-18 12:54:13.561924",96.684,96.51,96.695,96.692
"2014-03-18 12:54:15.081019",96.688,96.508,96.687,96.693
"2014-03-18 12:54:16.600124",96.693,96.514,96.69,96.693
"2014-03-18 12:54:18.119216",96.693,96.509,96.689,96.694
"2014-03-18 12:54:19.638485",96.689,96.512,96.686,96.694
"2014-03-18 12:54:21.157528",96.688,96.512,96.687,96.692
"2014-03-18 12:54:22.676630",96.693,96.516,96.694,96.692
"2014-03-18 12:54:24.195760",96.685,96.513,96.692,96.693
"2014-03-18 12:54:25.714833",96.687,96.511,96.691,96.694
"2014-03-18 12:54:27.233903",96.696,96.512,96.691,96.694
"2014-03-18 12:54:28.752952",96.69,96.512,96.691,96.696
"2014-03-18 12:54:30.272268",96.691,96.505,96.696,96.696
"2014-03-18 12:54:31.791518",96.694,96.512,96.696,96.697
"2014-03-18 12:54:33.310588",96.689,96.512,96.691,96.697
"2014-03-18 12:54:34.829682",96.695,96.507,96.697,96.695
"2014-03-18 12:54:36.348776",96.694,96.511,96.696,96.697
"2014-03-18 12:54:37.872205",96.692,96.513,96.695,96.694
"2014-03-18 12:54:39.391303",96.691,96.508,96.689,96.694
"2014-03-18 12:54:40.910179",96.693,96.511,96.695,96.694
"2014-03-18 12:54:42.429276",96.692,96.509,96.695,96.697
"2014-03-18 12:54:43.948172",96.698,96.512,96.692,96.697
"2014-03-18 12:54:45.467240",96.688,96.509,96.693,96.692
"2014-03-18 12:54:46.986328",96.697,96.51,96.697,96.692
"2014-03-18 12:54:48.505421",96.691,96.512,96.694,96.699
"2014-03-18 12:54:50.024495",96.691,96.506,96.693,96.691
"2014-03-18 12:54:51.543591",96.699,96.51,96.695,96.695
"2014-03-18 12:54:53.062666",96.693,96.51,96.694,96.697
"2014-03-18 12:54:54.581761",96.69,96.511,96.696,96.697
"2014-03-18 12:54:56.100845",96.695,96.507,96.693,96.699
"2014-03-18 12:54:57.619946",96.693,96.507,96.696,96.699
"2014-03-18 12:54:59.139042",96.696,96.508,96.696,96.696
"2014-03-18 12:55:00.657979",96.693,96.509,96.695,96.699
"2014-03-18 12:55:02.177032",96.696,96.51,96.695,96.701
"2014-03-18 12:55:03.695927",96.692,96.505,96.693,96.695
"2014-03-18 12:55:05.214763",96.692,96.512,96.694,96.696
"2014-03-18 12:55:06.733660",96.688,96.505,96.693,96.697
"2014-03-18 12:55:08.252771",96.691,96.507,96.686,96.699
"2014-03-18 12:55:09.771816",96.694,96.512,96.69,96.7
"2014-03-18 12:55:11.291134",96.689,96.509,96.685,96.692
"2014-03-18 12:55:12.810236",96.69,96.509,96.69,96.696
"2014-03-18 12:55:14.329333",96.691,96.509,96.692,96.693
"2014-03-18 12:55:15.847622",96.693,96.51,96.693,96.697
"2014-03-18 12:55:17.366736",96.689,96.51,96.687,96.69
"2014-03-18 12:55:18.886030",96.692,96.513,96.692,96.692
"2014-03-18 12:55:20.405101",96.69,96.512,96.69,96.691
"2014-03-18 12:55:21.924396",96.691,96.505,96.69,96.691
"2014-03-18 12:55:23.443501",96.691,96.507,96.69,96.695
"2014-03-18 12:55:24.963986",96.693,96.509,96.693,96.692
"2014-03-18 12:55:26.483070",96.693,96.51,96.69,96.691
"2014-03-18 12:55:28.002181",96.692,96.511,96.688,96.696
"2014-03-18 12:55:29.521276",96.693,96.505,96.689,96.693
"2014-03-18 12:55:31.040545",96.692,96.512,96.688,96.696
"2014-03-18 12:55:32.559596",96.692,96.512,96.691,96.697
"2014-03-18 12:55:34.078701",96.692,96.51,96.694,96.691
"2014-03-18 12:55:35.597602",96.692,96.511,96.694,96.695
"2014-03-18 12:55:37.116894",96.694,96.51,96.69,96.69
"2014-03-18 12:55:38.636198",96.694,96.515,96.689,96.695
"2014-03-18 12:55:40.155257",96.692,96.512,96.69,96.69
"2014-03-18 12:55:41.674357",96.697,96.51,96.694,96.695
"2014-03-18 12:55:43.193496",96.683,96.515,96.688,96.696
"2014-03-18 12:55:44.712556",96.692,96.509,96.689,96.692
"2014-03-18 12:55:46.231652",96.692,96.51,96.691,96.695
"2014-03-18 12:55:47.750748",96.694,96.51,96.689,96.691
"2014-03-18 12:55:49.269844",96.693,96.514,96.692,96.695
"2014-03-18 12:55:50.789148",96.694,96.514,96.691,96.693
"2014-03-18 12:55:52.308037",96.692,96.511,96.69,96.692
"2014-03-18 12:55:53.827127",96.692,96.511,96.689,96.693
"2014-03-18 12:55:55.346248",96.688,96.512,96.693,96.693
"2014-03-18 12:55:56.865282",96.692,96.51,96.69,96.692
"2014-03-18 12:55:58.384379",96.691,96.508,96.691,96.695
"2014-03-18 12:55:59.903483",96.691,96.504,96.692,96.694
"2014-03-18 12:56:01.422571",96.691,96.508,96.691,96.695
"2014-03-18 12:56:02.941846",96.693,96.512,96.691,96.693
"2014-03-18 12:56:04.460949",96.695,96.511,96.691,96.693
"2014-03-18 12:56:05.980039",96.691,96.511,96.697,96.694
"2014-03-18 12:56:07.499140",96.691,96.506,96.695,96.696
"2014-03-18 12:56:09.018447",96.687,96.509,96.696,96.693
"2014-03-18 12:56:10.537531",96.69,96.51,96.692,96.695
"2014-03-18 12:56:12.056828",96.695,96.509,96.693,96.696
"2014-03-18 12:56:13.575925",96.692,96.504,96.691,96.694
"2014-03-18 12:56:15.095032",96.697,96.509,96.693,96.696
"2014-03-18 12:56:16.614163",96.688,96.51,96.691,96.694
"2014-03-18 12:56:18.133207",96.691,96.509,96.692,96.693
"2014-03-18 12:56:19.652324",96.686,96.509,96.689,96.693
"2014-03-18 12:56:21.171415",96.686,96.51,96.691,96.69
"2014-03-18 12:56:22.690489",96.692,96.51,96.689,96.688
"2014-03-18 12:56:24.209602",96.687,96.51,96.691,96.694
"2014-03-18 12:56:25.728704",96.688,96.513,96.693,96.691
"2014-03-18 12:56:27.247584",96.692,96.511,96.693,96.693
"2014-03-18 12:56:28.766691",96.69,96.513,96.696,96.689
"2014-03-18 12:56:30.285643",96.691,96.514,96.694,96.694
"2014-03-18 12:56:31.804687",96.69,96.508,96.689,96.696
"2014-03-18 12:56:33.323773",96.69,96.506,96.697,96.692
"2014-03-18 12:56:34.842847",96.693,96.512,96.694,96.692
"2014-03-18 12:56:36.361912",96.693,96.513,96.695,96.697
"2014-03-18 12:56:37.880821",96.692,96.506,96.698,96.695
"2014-03-18 12:56:39.399709",96.69,96.514,96.693,96.69
"2014-03-18 12:56:40.918618",96.693,96.512,96.694,96.691
"2014-03-18 12:56:42.437473",96.692,96.514,96.695,96.692
"2014-03-18 12:56:43.956574",96.691,96.514,96.697,96.693
"2014-03-18 12:56:45.475636",96.693,96.514,96.696,96.688
"2014-03-18 12:56:46.994556",96.691,96.509,96.69,96.691
"2014-03-18 12:56:48.513457",96.693,96.516,96.686,96.69
"2014-03-18 12:56:50.032506",96.691,96.512,96.69,96.692
"2014-03-18 12:56:51.551465",96.69,96.516,96.695,96.692
"2014-03-18 12:56:53.070510",96.69,96.515,96.695,96.693
"2014-03-18 12:56:54.589603",96.692,96.515,96.695,96.69
"2014-03-18 12:56:56.108904",96.691,96.514,96.688,96.691
"2014-03-18 12:56:57.628009",96.692,96.512,96.69,96.693
"2014-03-18 12:56:59.147042",96.69,96.508,96.698,96.697
"2014-03-18 12:57:00.666327",96.691,96.509,96.697,96.691
"2014-03-18 12:57:02.185593",96.688,96.512,96.691,96.692
"2014-03-18 12:57:03.704711",96.691,96.515,96.689,96.689
"2014-03-18 12:57:05.223783",96.691,96.51,96.689,96.691
"2014-03-18 12:57:06.742888",96.694,96.514,96.694,96.694
"2014-03-18 12:57:08.262188",96.691,96.509,96.693,96.694
"2014-03-18 12:57:09.781332",96.691,96.509,96.688,96.693
"2014-03-18 12:57:11.300585",96.687,96.508,96.69,96.695
"2014-03-18 12:57:12.819680",96.695,96.509,96.688,96.695
"2014-03-18 12:57:14.338779",96.69,96.507,96.691,96.694
"2014-03-18 12:57:15.857766",96.695,96.508,96.69,96.694
"2014-03-18 12:57:17.376756",96.691,96.514,96.693,96.695
"2014-03-18 12:57:18.895860",96.693,96.509,96.69,96.694
"2014-03-18 12:57:20.415152",96.694,96.511,96.692,96.697
"2014-03-18 12:57:21.934438",96.695,96.508,96.693,96.697
"2014-03-18 12:57:23.453558",96.686,96.513,96.701,96.695
"2014-03-18 12:57:24.972641",96.695,96.511,96.693,96.697
"2014-03-18 12:57:26.491749",96.693,96.514,96.699,96.699
"2014-03-18 12:57:28.011054",96.696,96.51,96.692,96.696
"2014-03-18 12:57:29.530160",96.693,96.509,96.691,96.695
"2014-03-18 12:57:31.049234",96.691,96.515,96.695,96.697
"2014-03-18 12:57:32.568304",96.69,96.512,96.695,96.7
"2014-03-18 12:57:34.087397",96.69,96.511,96.695,96.698
"2014-03-18 12:57:35.606502",96.694,96.511,96.695,96.699
"2014-03-18 12:57:37.125567",96.697,96.512,96.694,96.699
"2014-03-18 12:57:38.644656",96.696,96.51,96.701,96.699
"2014-03-18 12:57:40.163813",96.692,96.515,96.691,96.699
"2014-03-18 12:57:41.682862",96.691,96.513,96.694,96.701
"2014-03-18 12:57:43.201954",96.695,96.514,96.694,96.699
"2014-03-18 12:57:44.721251",96.693,96.508,96.695,96.698
"2014-03-18 12:57:46.240541",96.7,96.513,96.697,96.697
"2014-03-18 12:57:47.759663",96.694,96.513,96.697,96.696
"2014-03-18 12:57:49.278750",96.694,96.514,96.696,96.695
"2014-03-18 12:57:50.797638",96.696,96.513,96.695,96.701
"2014-03-18 12:57:52.316775",96.698,96.513,96.696,96.7
"2014-03-18 12:57:53.836012",96.694,96.516,96.698,96.697
"2014-03-18 12:57:55.355139",96.694,96.513,96.696,96.701
"2014-03-18 12:57:56.874413",96.697,96.514,96.695,96.697
"2014-03-18 12:57:58.393529",96.699,96.516,96.692,96.702
"2014-03-18 12:57:59.912631",96.699,96.514,96.699,96.701
"2014-03-18 12:58:01.431743",96.694,96.515,96.693,96.701
"2014-03-18 12:58:02.950799",96.703,96.518,96.699,96.697
"2014-03-18 12:58:04.469982",96.699,96.516,96.7,96.703
"2014-03-18 12:58:05.989014",96.701,96.521,96.696,96.695
"2014-03-18 12:58:07.507962",96.697,96.518,96.7,96.7
"2014-03-18 12:58:09.027201",96.695,96.516,96.696,96.698
"2014-03-18 12:58:10.546310",96.695,96.516,96.698,96.705
"2014-03-18 12:58:12.065390",96.702,96.515,96.701,96.7
"2014-03-18 12:58:13.584478",96.697,96.517,96.696,96.704
"2014-03-18 12:58:15.103770",96.694,96.518,96.698,96.706
"2014-03-18 12:58:16.622930",96.694,96.507,96.696,96.701
"2014-03-18 12:58:18.141964",96.698,96.514,96.701,96.707
"2014-03-18 12:58:19.661037",96.696,96.515,96.697,96.697
"2014-03-18 12:58:21.180155",96.695,96.513,96.698,96.696
"2014-03-18 12:58:22.699257",96.698,96.518,96.696,96.702
"2014-03-18 12:58:24.218155",96.694,96.52,96.7,96.701
"2014-03-18 12:58:25.737033",96.695,96.518,96.697,96.698
"2014-03-18 12:58:27.256141",96.696,96.515,96.698,96.696
"2014-03-18 12:58:28.775223",96.699,96.518,96.701,96.696
"2014-03-18 12:58:30.294109",96.698,96.518,96.699,96.701
"2014-03-18 12:58:31.813216",96.703,96.519,96.692,96.701
"2014-03-18 12:58:33.332286",96.701,96.519,96.704,96.7
"2014-03-18 12:58:34.851577",96.697,96.521,96.697,96.703
"2014-03-18 12:58:36.370682",96.7,96.518,96.702,96.701
"2014-03-18 12:58:37.889768",96.701,96.521,96.702,96.705
"2014-03-18 12:58:39.408942",96.699,96.52,96.7,96.701
"2014-03-18 12:58:40.928009",96.698,96.519,96.696,96.699
"2014-03-18 12:58:42.447244",96.695,96.519,96.698,96.7
"2014-03-18 12:58:43.966548",96.696,96.52,96.696,96.7
"2014-03-18 12:58:45.485646",96.696,96.522,96.699,96.697
"2014-03-18 12:58:47.004759",96.701,96.52,96.694,96.701
"2014-03-18 12:58:48.523631",96.698,96.521,96.697,96.7
"2014-03-18 12:58:50.042741",96.699,96.52,96.699,96.701
"2014-03-18 12:58:51.561834",96.699,96.518,96.697,96.7
"2014-03-18 12:58:53.081119",96.697,96.52,96.701,96.702
"2014-03-18 12:58:54.602756",96.702,96.523,96.701,96.703
"2014-03-18 12:58:56.121865",96.693,96.522,96.703,96.702
"2014-03-18 12:58:57.640964",96.701,96.52,96.697,96.702
"2014-03-18 12:58:59.160059",96.694,96.519,96.7,96.702
"2014-03-18 12:59:00.679361",96.701,96.517,96.7,96.699
"2014-03-18 12:59:02.198250",96.698,96.518,96.698,96.702
"2014-03-18 12:59:03.717352",96.701,96.521,96.699,96.701
"2014-03-18 12:59:05.236432",96.701,96.52,96.699,96.703
"2014-03-18 12:59:06.755383",96.702,96.516,96.696,96.699
"2014-03-18 12:59:08.274435",96.693,96.515,96.696,96.699
"2014-03-18 12:59:09.793531",96.697,96.515,96.7,96.701
"2014-03-18 12:59:11.312591",96.699,96.519,96.701,96.7
"2014-03-18 12:59:12.831715",96.698,96.518,96.697,96.701
"2014-03-18 12:59:14.350809",96.696,96.519,96.698,96.699
"2014-03-18 12:59:15.869902",96.695,96.519,96.7,96.702
"2014-03-18 12:59:17.388992",96.698,96.522,96.701,96.699
"2014-03-18 12:59:18.908101",96.696,96.515,96.698,96.701
"2014-03-18 12:59:20.427167",96.694,96.52,96.698,96.7
"2014-03-18 12:59:21.946459",96.696,96.515,96.697,96.699
"2014-03-18 12:59:23.465767",96.696,96.517,96.697,96.702
"2014-03-18 12:59:24.984866",96.699,96.519,96.7,96.701
"2014-03-18 12:59:26.503980",96.698,96.515,96.701,96.703
"2014-03-18 12:59:28.023259",96.7,96.519,96.701,96.702
"2014-03-18 12:59:29.542356",96.702,96.523,96.701,96.702
"2014-03-18 12:59:31.061475",96.695,96.52,96.696,96.697
"2014-03-18 12:59:32.580553",96.698,96.52,96.694,96.698
"2014-03-18 12:59:34.099858",96.694,96.517,96.696,96.701
"2014-03-18 12:59:35.618947",96.7,96.52,96.7,96.703
"2014-03-18 12:59:37.137864",96.697,96.522,96.698,96.7
"2014-03-18 12:59:38.656936",96.699,96.519,96.695,96.701
"2014-03-18 12:59:40.176032",96.7,96.523,96.701,96.701
"2014-03-18 12:59:41.695106",96.701,96.516,96.701,96.7
"2014-03-18 12:59:43.214211",96.698,96.518,96.699,96.697
"2014-03-18 12:59:44.733311",96.7,96.518,96.698,96.7
"2014-03-18 12:59:46.252960",96.698,96.517,96.701,96.699
"2014-03-18 12:59:47.772719",96.7,96.521,96.706,96.703
"2014-03-18 12:59:49.292030",96.701,96.516,96.703,96.699
"2014-03-18 12:59:50.811109",96.701,96.518,96.699,96.705
"2014-03-18 12:59:52.330204",96.702,96.52,96.7,96.701
"2014-03-18 12:59:53.849295",96.702,96.517,96.699,96.704
"2014-03-18 12:59:55.368396",96.703,96.52,96.699,96.705
"2014-03-18 12:59:56.887497",96.694,96.521,96.7,96.706
"2014-03-18 12:59:58.406563",96.704,96.516,96.701,96.704
"2014-03-18 12:59:59.925680",96.701,96.518,96.701,96.696
"2014-03-18 13:00:01.444988",96.701,96.521,96.701,96.701
"2014-03-18 13:00:02.964085",96.701,96.522,96.7,96.702
"2014-03-18 13:00:04.483170",96.701,96.525,96.702,96.701
"2014-03-18 13:00:06.002269",96.701,96.521,96.702,96.702
"2014-03-18 13:00:07.521367",96.702,96.521,96.702,96.701
"2014-03-18 13:00:09.040465",96.702,96.522,96.697,96.703
"2014-03-18 13:00:10.559571",96.703,96.527,96.698,96.701
"2014-03-18 13:00:12.078658",96.695,96.522,96.697,96.701
"2014-03-18 13:00:13.597563",96.701,96.525,96.7,96.701
"2014-03-18 13:00:15.116444",96.702,96.522,96.701,96.701
"2014-03-18 13:00:16.635341",96.701,96.523,96.699,96.701
"2014-03-18 13:00:18.154436",96.698,96.52,96.7,96.701
"2014-03-18 13:00:19.673513",96.706,96.522,96.702,96.704
"2014-03-18 13:00:21.192413",96.704,96.521,96.697,96.704
"2014-03-18 13:00:22.711529",96.703,96.522,96.701,96.701
"2014-03-18 13:00:24.230615",96.702,96.52,96.705,96.706
"2014-03-18 13:00:25.749700",96.7,96.525,96.702,96.704
"2014-03-18 13:00:27.268807",96.699,96.524,96.702,96.706
"2014-03-18 13:00:28.787672",96.704,96.524,96.702,96.704
"2014-03-18 13:00:30.306833",96.707,96.528,96.705,96.704
"2014-03-18 13:00:31.825882",96.704,96.524,96.704,96.706
"2014-03-18 13:00:33.345017",96.704,96.527,96.704,96.709
"2014-03-18 13:00:34.864105",96.71,96.527,96.704,96.709
